﻿<?xml version="1.0" encoding="utf-8" ?>
<c2theme>
    <eventsheet_background>3947580</eventsheet_background>
    <event_background>6908265</event_background>
    <event_background_sel>8905165</event_background_sel>
    <event_border>5921370</event_border>
    <event_border_sel>7591875</event_border_sel>
    <event_number>13158600</event_number>
    <event_number_sel>6932660</event_number_sel>
    <event_heirarchy_line>5921370</event_heirarchy_line>
    <event_heirarchy_line_sel>5921370</event_heirarchy_line_sel>
    <condition_background>6908265</condition_background>
    <condition_background_sel>8905165</condition_background_sel>
    <condition_border_sel>8905165</condition_border_sel>
    <condition_object_text>14077513</condition_object_text>
    <condition_object_text_sel>3947580</condition_object_text_sel>
    <condition_separator>5592405</condition_separator>
    <condition_separator_sel>6603695</condition_separator_sel>
    <condition_text>14474460</condition_text>
    <condition_text_sel>3947580</condition_text_sel>
    <invalid_condition_text>6974207</invalid_condition_text>
    <action_background>5263440</action_background>
    <action_background_sel>7588025</action_background_sel>
    <action_border_sel>6602410</action_border_sel>
    <action_object_text>12564800</action_object_text>
    <action_object_text_sel>3947580</action_object_text_sel>
    <action_separator>6250335</action_separator>
    <action_separator_sel>5287835</action_separator_sel>
    <action_text>13158600</action_text>
    <action_text_sel>3947580</action_text_sel>
    <link_text>8248520</link_text>
    <group_background>8882055</group_background>
    <group_background_sel>10544855</group_background_sel>
    <group_border>8882055</group_border>
    <group_border_sel>10544855</group_border_sel>
    <group_text>657930</group_text>
    <group_text_sel>1315860</group_text_sel>
    <inactive_group_text>6579300</inactive_group_text>
    <inactive_group_text_sel>7255205</inactive_group_text_sel>
    <group_description>3947580</group_description>
    <group_description_sel>0</group_description_sel>
    <inactive_group_description>5921370</inactive_group_description>
    <inactive_group_description_sel>5940630</inactive_group_description_sel>
    <expand_box>14474460</expand_box>
    <expand_box_sel>6602410</expand_box_sel>
    <expand_box_border>13158600</expand_box_border>
    <expand_box_border_sel>6602410</expand_box_border_sel>
    <include_background>6908265</include_background>
    <include_background_sel>8248520</include_background_sel>
    <include_border>5921370</include_border>
    <include_border_sel>6932660</include_border_sel>
    <include_text>13158600</include_text>
    <include_text_sel>3947580</include_text_sel>
    <eventvar_background>6908265</eventvar_background>
    <eventvar_background_sel>8248520</eventvar_background_sel>
    <eventvar_border>5263440</eventvar_border>
    <eventvar_border_sel>6932660</eventvar_border_sel>
    <eventvar_text>5295525</eventvar_text>
    <eventvar_text_sel>3947580</eventvar_text_sel>
    <eventvar_description>3947580</eventvar_description>
    <eventvar_description_sel>5921370</eventvar_description_sel>
    <comment_background>10197915</comment_background>
    <comment_background_sel>10544855</comment_background_sel>
    <comment_border>10197915</comment_border>
    <comment_border_sel>10544855</comment_border_sel>
    <comment_text>1315860</comment_text>
    <comment_text_sel>1315860</comment_text_sel>
    <insert_mark>16777215</insert_mark>
    <exp_error_underline>255</exp_error_underline>
    <exp_stringliteral>1381795</exp_stringliteral>
    <exp_number>10485920</exp_number>
    <exp_operator>16711680</exp_operator>
    <exp_object>32768</exp_object>
    <exp_behavior>26536</exp_behavior>
    <exp_bracket>12632256</exp_bracket>
    <exp_badbracket>8421631</exp_badbracket>
    <exp_text>0</exp_text>
    <exp_background>16777215</exp_background>
    <exp_selection>16750899</exp_selection>
    <exp_selected_text>16777215</exp_selected_text>
    <exp_caret>0</exp_caret>
    <layoutview_background>7237230</layoutview_background>
    <layout_border>0</layout_border>
    <layoutview_collisionpoly>255</layoutview_collisionpoly>
    <debugger_breakborder>255</debugger_breakborder>
    <debugger_breakbackground>13291263</debugger_breakbackground>
</c2theme>
